Wright/Milton/node_g.jpg	https://corescholar.libraries.wright.edu/special_ms1_photographs/2634/preview.jpg
Wright/Milton/node_p0.jpg	https://corescholar.libraries.wright.edu/special_ms1_photographs/2627/preview.jpg
Wright/Milton/Reuchlin/node_g.jpg	https://corescholar.libraries.wright.edu/special_ms1_photographs/2926/preview.jpg
Wright/Milton/Reuchlin/node_p0.jpg	https://corescholar.libraries.wright.edu/special_ms1_photographs/2936/preview.jpg
Wright/Milton/Reuchlin/Catherine/node_g.jpg	https://corescholar.libraries.wright.edu/special_ms1_photographs/3331/preview.jpg
Wright/Milton/Reuchlin/Helen/node_g.jpg	https://corescholar.libraries.wright.edu/special_ms1_photographs/3349/preview.jpg
Wright/Milton/Reuchlin/Herbert/node_g.jpg	https://corescholar.libraries.wright.edu/special_ms1_photographs/2949/preview.jpg
Wright/Milton/Reuchlin/Bertha/node_g.jpg	https://corescholar.libraries.wright.edu/special_ms1_photographs/2954/preview.jpg
Wright/Milton/Lorin/node_g.jpg	https://corescholar.libraries.wright.edu/special_ms1_photographs/2912/preview.jpg
Wright/Milton/Lorin/node_p0.jpg	https://corescholar.libraries.wright.edu/special_ms1_photographs/3360/preview.jpg
Wright/Milton/Lorin/Milton/node_g.jpg	https://corescholar.libraries.wright.edu/special_ms1_photographs/2917/preview.jpg
Wright/Milton/Lorin/Ivonette/node_g.jpg	https://corescholar.libraries.wright.edu/special_ms1_photographs/3357/preview.jpg
Wright/Milton/Lorin/Leontine/node_g.jpg	https://corescholar.libraries.wright.edu/special_ms1_photographs/2907/preview.jpg
Wright/Milton/Lorin/Horace/node_g.jpg	https://corescholar.libraries.wright.edu/special_ms1_photographs/2924/preview.jpg
Wright/Milton/Wilbur/node_g.jpg	https://corescholar.libraries.wright.edu/special_ms1_photographs/3213/preview.jpg
Wright/Milton/Orville/node_g.jpg	https://corescholar.libraries.wright.edu/special_ms1_photographs/2723/preview.jpg
Wright/Milton/Katharine/node_g.jpg	https://corescholar.libraries.wright.edu/special_ms1_photographs/2655/preview.jpg
Wright/Milton/Katharine/node_p0.jpg	https://corescholar.libraries.wright.edu/special_ms1_photographs/2685/preview.jpg
